{
  "project_info": {
    "project_number": "679283767150",
    "project_id": "routepro-b8343",
    "storage_bucket": "routepro-b8343.appspot.com"
  },
  "client": [
    {
      "client_info": {
        "mobilesdk_app_id": "1:679283767150:android:9a0f9fc8f49fd13f74737f",
        "android_client_info": {
          "package_name": "com.alielgamal9.routepro"
        }
      },
      "oauth_client": [
        {
          "client_id": "679283767150-r2u6cme50v3qbf7t61r3mfbdaj13icp1.apps.googleusercontent.com",
          "client_type": 3
        }
      ],
      "api_key": [
        {
          "current_key": "AIzaSyCeYWfgUX_S9dQEyqWKs0tYqN9BBpCi2xc"
        }
      ],
      "services": {
        "appinvite_service": {
          "other_platform_oauth_client": [
            {
              "client_id": "679283767150-r2u6cme50v3qbf7t61r3mfbdaj13icp1.apps.googleusercontent.com",
              "client_type": 3
            }
          ]
        }
      }
    }
  ],
  "configuration_version": "1"
}